,traj_id,t,x,y,success,transition_free_to_yellow,transition_yellow_to_red,transition_yellow_to_free,transition_red_to_yellow,transition_red_to_free,transition_free_to_free,transition_yellow_to_yellow,transition_red_to_red
0,0,0,6.554838709677421,-3.1515151515151505,True,False,False,False,False,False,True,False,False
1,0,1,6.443532100677015,-3.039485772326432,True,False,False,False,False,False,True,False,False
2,0,2,6.303455067472408,-2.9331311826291535,True,False,False,False,False,False,True,False,False
3,0,3,6.152609694980829,-2.8511707295271016,True,False,False,False,False,False,True,False,False
4,0,4,6.002447915982559,-2.7605058673136726,True,False,False,False,False,False,True,False,False
5,0,5,5.83967101114264,-2.692241717302544,True,False,False,False,False,False,True,False,False
6,0,6,5.672774343706612,-2.6301645626178125,True,False,False,False,False,False,True,False,False
7,0,7,5.510628363563338,-2.556755615862501,True,False,False,False,False,False,True,False,False
8,0,8,5.345224309515192,-2.491723884505457,True,False,False,False,False,False,True,False,False
9,0,9,5.183223071350139,-2.4201715084560353,True,False,False,False,False,False,True,False,False
10,0,10,5.02879016760546,-2.3315881254724435,True,False,False,False,False,False,True,False,False
11,0,11,4.865489857217034,-2.261509944881616,True,False,False,False,False,False,True,False,False
12,0,12,4.699336174914503,-2.199778853536387,True,False,False,False,False,False,True,False,False
13,0,13,4.532470916683844,-2.140475636503238,True,False,False,False,False,False,True,False,False
14,0,14,4.357785363396677,-2.112554112554111,True,False,False,False,False,False,True,False,False
15,0,15,4.187863816357776,-2.077922077922077,True,False,False,False,False,False,True,False,False
16,0,16,4.015022241919764,-2.045443970052445,True,False,False,False,False,False,True,False,False
17,0,17,3.837229430883193,-2.0432900432900425,True,False,False,False,False,False,True,False,False
18,0,18,3.659084933481904,-2.0432900432900425,True,False,False,False,False,False,True,False,False
19,0,19,3.4865950454086096,-2.008658008658008,True,False,False,False,False,False,True,False,False
20,0,20,3.3084505480073205,-2.008658008658008,True,False,False,False,False,False,True,False,False
21,0,21,3.1308526235577827,-2.0042459252999825,True,False,False,False,False,False,True,False,False
22,0,22,2.95700455545453,-1.9662978102307838,True,False,False,False,False,False,True,False,False
23,0,23,2.780673473448728,-1.940944083226238,True,False,False,False,False,False,True,False,False
24,0,24,2.602871510089756,-1.9356967673678924,True,False,False,False,False,False,True,False,False
25,0,25,2.426120380357462,-1.9134594093252744,True,False,False,False,False,False,True,False,False
26,0,26,2.251136256213525,-1.8810862718322685,True,False,False,False,False,False,True,False,False
27,0,27,2.0772871915583626,-1.842202281902182,True,False,False,False,False,False,True,False,False
28,0,28,1.9006244410803237,-1.8207338452602482,True,False,False,False,False,False,True,False,False
29,0,29,1.7233754732812399,-1.8028938517480029,True,False,False,False,False,False,True,False,False
30,0,30,1.5481567613205374,-1.7711370414405476,True,False,False,False,False,False,True,False,False
31,0,31,1.3731984514015363,-1.7375952504232992,True,False,False,False,False,False,True,False,False
32,0,32,1.1982401414825352,-1.7040534594060508,True,False,False,False,False,False,True,False,False
33,0,33,1.023281831563534,-1.6705116683888026,True,False,False,False,False,False,True,False,False
34,0,34,0.847770354278766,-1.6400480572653762,True,True,False,False,False,False,False,False,False
35,0,35,0.67208063544074,-1.610576297070686,True,False,False,False,False,False,False,True,False
36,0,36,0.4953939831863784,-1.5930735930735924,True,False,False,False,False,False,False,True,False
37,0,37,0.32929335139909127,-1.5347446583802498,True,False,False,False,False,False,False,True,False
38,0,38,0.16055764682376183,-1.4891774891774876,True,False,False,False,False,False,False,True,False
39,0,39,-0.0061971231684167585,-1.4351503158201184,True,False,False,False,False,False,False,True,False
40,0,40,-0.1674430323449905,-1.3852813852813846,True,False,False,False,False,False,False,True,False
41,0,41,-0.3109554951142453,-1.3506493506493502,True,False,False,False,False,False,False,True,False
42,0,42,-0.4890999925155334,-1.3506493506493502,True,False,False,False,False,False,False,True,False
43,0,43,-0.6672444899168227,-1.3506493506493502,True,False,False,False,False,False,False,True,False
44,0,44,-0.8086021505376344,-1.4076574661184185,True,False,False,False,False,False,False,True,False
45,0,45,-0.8430107526881709,-1.5513933613691708,True,False,False,False,False,False,False,True,False
46,0,46,-0.7791260980186895,-1.716707994077763,True,False,False,False,False,False,False,True,False
47,0,47,-0.7024230283602997,-1.873102363230432,True,False,False,False,False,False,False,True,False
48,0,48,-0.5969658761789258,-2.013876336746318,True,False,False,False,False,False,False,True,False
49,0,49,-0.47140701232438204,-2.140250517898618,True,False,False,False,False,False,False,True,False
50,0,50,-0.3579957232400806,-2.270056264819655,True,False,False,False,False,False,False,True,False
51,0,51,-0.22587282693839886,-2.3873790811117837,True,False,False,False,False,False,False,True,False
52,0,52,-0.09059960620966676,-2.5019786192099622,True,False,True,False,False,False,False,False,False
53,0,53,0.04717846293702489,-2.6124869970408175,True,False,False,False,False,False,False,False,True
54,0,54,0.17163217522955027,-2.7270659756295883,True,False,False,False,False,False,False,False,True
55,0,55,0.3255823364694565,-2.8038869836759663,True,False,False,False,False,False,False,False,True
56,0,56,0.4673487994347087,-2.9105164412739595,True,False,False,False,False,False,False,False,True
57,0,57,0.6199223907856222,-3.0018238264290242,True,False,False,False,False,False,False,False,True
58,0,58,0.7555905859983624,-3.1159446211965913,True,False,False,False,False,False,False,False,True
59,0,59,0.9107066531250144,-3.202898910934124,True,False,False,False,False,False,False,False,True
60,0,60,1.0437611599332817,-3.318937098201245,True,False,False,False,False,False,False,False,True
61,0,61,1.1950329877855732,-3.4125848562601178,True,False,False,False,False,False,False,False,True
62,0,62,1.3361733136722478,-3.5209014560304666,True,False,False,False,False,False,False,False,True
63,0,63,1.4803089237486873,-3.62531551160626,True,False,False,False,False,False,False,False,True
64,0,64,1.6330819060775104,-3.716281509849987,True,False,False,False,False,False,False,False,True
65,0,65,1.7687501012902498,-3.830402304617554,True,False,False,False,False,False,False,False,True
66,0,66,1.9052135908559658,-3.94355913365373,True,False,False,False,False,False,False,False,True
67,0,67,2.046382453424147,-4.051012642515644,True,False,False,False,False,False,False,False,True
68,0,68,2.1847727637238874,-4.1606918183445964,True,False,False,False,False,False,False,False,True
69,0,69,2.3391980650782362,-4.2495078543739995,True,False,False,False,False,False,False,False,True
70,0,70,2.4797585790115497,-4.358593487862112,True,False,False,False,False,False,False,False,True
71,0,71,2.631653280508329,-4.449912094628108,True,False,False,False,False,False,False,False,True
72,0,72,2.79078336437602,-4.529993792678407,True,False,False,False,False,False,False,False,True
73,0,73,2.9488919550296364,-4.611661920500051,True,False,False,False,False,False,False,False,True
74,0,74,3.087647129555595,-4.723386866222253,True,False,False,False,False,False,False,False,True
75,0,75,3.2554783714101787,-4.773072486019797,True,False,False,False,False,False,False,False,True
76,0,76,3.408079067071949,-4.8611208747308154,True,False,False,False,False,False,False,False,True
77,0,77,3.5560080231947357,-4.960380563904114,True,False,False,False,False,False,False,False,True
78,0,78,3.703179017819086,-5.060558968151244,True,False,False,False,False,False,False,False,True
79,0,79,3.8371435318167926,-5.174261248740093,True,False,False,False,False,False,False,False,True
80,0,80,3.999441094571273,-5.246378223630074,True,False,False,False,False,False,False,False,True
81,0,81,4.147370050694061,-5.345637912803372,True,False,False,False,False,False,False,False,True
82,0,82,4.294855075237789,-5.445521011881338,True,False,False,False,False,False,False,False,True
83,0,83,4.437665357114181,-5.551968818265647,True,False,False,False,False,False,False,False,True
84,0,84,4.59020284774499,-5.643338013205,True,False,False,False,False,False,False,False,True
85,0,85,4.7391260756071505,-5.7142857142857135,True,False,False,False,False,False,False,False,True
86,0,86,4.882681004013922,-5.807842713058953,True,False,False,False,False,False,False,False,True
87,0,87,5.032887972050565,-5.879421876630979,True,False,False,False,False,False,False,False,True
88,0,88,5.178872081787961,-5.956709956709956,True,False,False,False,False,False,False,False,True
89,0,89,5.334790264254733,-6.010124400169805,True,False,False,False,False,False,False,False,True
90,0,90,5.493382538383833,-6.080544242801387,True,False,False,False,False,False,False,False,True
91,0,91,5.646985277677683,-6.157844322640824,True,False,False,False,False,False,False,False,True
92,0,92,5.796915383800445,-6.250612179077063,True,False,False,False,False,False,False,False,True
93,0,93,5.950518123094296,-6.327912258916501,True,False,False,False,False,False,False,False,True
94,0,94,6.104120862388149,-6.405212338755939,True,False,False,False,False,False,False,False,True
95,0,95,6.253036863512714,-6.476190476190475,True,False,False,False,False,False,False,False,True
96,0,96,6.382795698924733,-6.544797416868332,True,False,False,False,False,False,False,False,True
97,0,97,6.531461555852922,-6.614718614718614,True,False,False,False,False,False,False,False,True
98,0,98,6.6842348372291465,-6.675690907600762,True,False,False,False,False,False,False,False,True
99,0,99,6.83010752688172,-6.753246753246753,True,False,False,False,False,False,False,False,True
100,1,0,5.694623655913977,1.2813852813852815,True,False,False,False,False,False,True,False,False
101,1,1,5.489025930271815,1.2813852813852815,True,False,False,False,False,False,True,False,False
102,1,2,5.283428204629652,1.2813852813852815,True,False,False,False,False,False,True,False,False
103,1,3,5.077830478987489,1.2813852813852815,True,False,False,False,False,False,True,False,False
104,1,4,4.872232753345326,1.2813852813852815,True,False,False,False,False,False,True,False,False
105,1,5,4.666635027703164,1.2813852813852815,True,False,False,False,False,False,True,False,False
106,1,6,4.461037302061001,1.2813852813852815,True,False,False,False,False,False,True,False,False
107,1,7,4.255439576418838,1.2813852813852815,True,False,False,False,False,False,True,False,False
108,1,8,4.049841850776676,1.2813852813852815,True,False,False,False,False,False,True,False,False
109,1,9,3.8442441251345127,1.2813852813852815,True,False,False,False,False,False,True,False,False
110,1,10,3.63864639949235,1.2813852813852815,True,False,False,False,False,False,True,False,False
111,1,11,3.433048673850187,1.2813852813852815,True,False,False,False,False,False,True,False,False
112,1,12,3.2274509482080243,1.2813852813852815,True,False,False,False,False,False,True,False,False
113,1,13,3.0218532225658614,1.2813852813852815,True,False,False,False,False,False,True,False,False
114,1,14,2.8162554969236986,1.2813852813852815,True,False,False,False,False,False,True,False,False
115,1,15,2.6119036976948258,1.266426846835532,True,False,False,False,False,False,True,False,False
116,1,16,2.4079446367074095,1.2467532467532472,True,False,False,False,False,False,True,False,False
117,1,17,2.2023469110652467,1.2467532467532472,True,False,False,False,False,False,True,False,False
118,1,18,1.9967491854230843,1.2467532467532472,True,False,False,False,False,False,True,False,False
119,1,19,1.805562215724366,1.2121212121212128,True,False,False,False,False,False,True,False,False
120,1,20,1.5999644900822032,1.2121212121212128,True,False,False,False,False,False,True,False,False
121,1,21,1.3996852048569492,1.1795480665645615,True,False,False,False,False,False,True,False,False
122,1,22,1.1944236481258725,1.1774891774891785,True,False,False,False,False,False,True,False,False
123,1,23,0.9937620039235964,1.1472578151691732,True,False,False,False,False,False,True,False,False
124,1,24,0.7888828061695424,1.1428571428571441,True,False,False,False,False,False,True,False,False
125,1,25,0.588971335270656,1.1189087347411864,True,False,False,False,False,False,True,False,False
126,1,26,0.4205423398796386,1.0735930735930754,True,False,False,False,False,False,True,False,False
127,1,27,0.22316756459986486,1.0389610389610393,True,False,False,False,False,False,True,False,False
128,1,28,0.04509396654266212,0.9491003186605398,True,False,False,False,False,False,True,False,False
129,1,29,-0.09398814197854377,0.8018252618397523,True,False,False,False,False,False,True,False,False
130,1,30,-0.20328616394607474,0.6297486310176409,True,False,False,False,False,False,True,False,False
131,1,31,-0.2839931550784011,0.4411894992762535,True,False,False,False,False,False,True,False,False
132,1,32,-0.3719435288944911,0.25561151109983477,True,False,False,False,False,False,True,False,False
133,1,33,-0.44815415937834413,0.06587286484043378,True,True,False,False,False,False,False,False,False
134,1,34,-0.5257893180015046,-0.12334213363939198,True,False,False,False,False,False,False,True,False
135,1,35,-0.6472733763618951,-0.2878400865980115,True,False,False,False,False,False,False,True,False
136,1,36,-0.7344837475207708,-0.47150942963830617,True,False,False,False,False,False,False,True,False
137,1,37,-0.8633675037867657,-0.6194779954356474,True,False,False,False,False,False,False,True,False
138,1,38,-0.9896332955363929,-0.779997759413085,True,False,False,False,False,False,False,True,False
139,1,39,-1.100673823125552,-0.9519768998990937,True,False,False,False,False,False,False,True,False
140,1,40,-1.2455821263248241,-1.097826166106154,True,False,False,False,False,False,False,True,False
141,1,41,-1.4050085988741616,-1.2236558408581923,True,False,False,False,False,False,False,True,False
142,1,42,-1.5644350714234974,-1.3494855156102306,True,False,False,False,False,False,False,True,False
143,1,43,-1.6903263887708981,-1.5108263436763365,True,False,False,False,False,False,False,True,False
144,1,44,-1.8403628057068286,-1.6504598912751438,True,False,False,False,False,False,False,True,False
145,1,45,-1.9612919938990876,-1.8008691652081201,True,False,False,False,False,False,False,True,False
146,1,46,-2.047311827956989,-1.9599449051781241,True,False,False,False,False,False,False,True,False
147,1,47,-2.081720430107527,-2.151355307358338,True,False,False,False,False,False,False,True,False
148,1,48,-2.081720430107527,-2.3569530330005004,True,False,False,False,False,False,False,True,False
149,1,49,-2.047311827956989,-2.5483634351807165,True,False,False,False,False,False,False,True,False
150,1,50,-1.95420681105563,-2.7012987012987004,True,False,False,False,False,False,False,True,False
151,1,51,-1.7547829597321398,-2.7273007832516813,True,False,False,False,False,False,False,True,False
152,1,52,-1.565645066077138,-2.770562770562769,True,False,False,False,False,False,False,True,False
153,1,53,-1.3780489416672757,-2.8523848712796074,True,False,False,False,False,False,False,True,False
154,1,54,-1.1786662411255604,-2.9025542196302014,True,False,True,False,False,False,False,False,False
155,1,55,-0.995316337632707,-2.9932541715380787,True,False,False,False,False,False,False,False,True
156,1,56,-0.8225440897182509,-3.1006616149213646,True,False,False,False,False,False,False,False,True
157,1,57,-0.6270302211945955,-3.164150245605758,True,False,False,False,False,False,False,False,True
158,1,58,-0.4295533353488342,-3.2211975634136225,True,False,False,False,False,False,False,False,True
159,1,59,-0.26107603562085946,-3.337315708602856,True,False,False,False,False,False,False,False,True
160,1,60,-0.07008907560220876,-3.4134270561479942,True,False,False,False,False,False,False,False,True
161,1,61,0.12164376434730564,-3.4876493093752043,True,False,False,False,False,False,False,False,True
162,1,62,0.3133766042968179,-3.561871562602413,True,False,False,False,False,False,False,False,True
163,1,63,0.508456995421429,-3.6238447000768,True,False,False,False,False,False,False,False,True
164,1,64,0.7054276444009341,-3.67099567099567,True,False,False,False,False,False,False,False,True
165,1,65,0.8964205021999899,-3.7325059886612486,True,False,False,False,False,False,False,False,True
166,1,66,1.0897474659623347,-3.7884073388690362,True,False,False,False,False,False,False,False,True
167,1,67,1.2900285953641644,-3.820969189642377,True,False,False,False,False,False,False,False,True
168,1,68,1.491840477226433,-3.8441558441558428,True,False,False,False,False,False,False,False,True
169,1,69,1.6892152525062059,-3.878787878787878,True,False,False,False,False,False,False,False,True
170,1,70,1.8948129781483705,-3.878787878787878,True,False,False,False,False,False,False,False,True
171,1,71,2.092187753428144,-3.9134199134199124,True,False,False,False,False,False,False,False,True
172,1,72,2.2967593803056428,-3.9177414630326,True,False,False,False,False,False,False,False,True
173,1,73,2.4951602543500826,-3.9480519480519467,True,False,False,False,False,False,False,False,True
174,1,74,2.6971192129299317,-3.9633770930870313,True,False,False,False,False,False,False,False,True
175,1,75,2.8932596888972415,-4.012529405005206,True,False,False,False,False,False,False,False,True
176,1,76,3.0975348855843605,-4.0270210971132085,True,False,False,False,False,False,False,False,True
177,1,77,3.3018588888628715,-4.04987118405994,True,False,False,False,False,False,False,False,True
178,1,78,3.507340844570261,-4.051948051948051,True,False,False,False,False,False,False,False,True
179,1,79,3.7047156198500395,-4.086580086580086,True,False,False,False,False,False,False,False,True
180,1,80,3.8885421895461585,-4.138900688612474,True,False,False,False,False,False,False,False,True
181,1,81,4.0695121571747634,-4.203812936240546,True,False,False,False,False,False,False,False,True
182,1,82,4.24366152978985,-4.2885337908058005,True,False,False,False,False,False,False,False,True
183,1,83,4.403088002339186,-4.4143634655578365,True,False,False,False,False,False,False,False,True
184,1,84,4.5625144748885225,-4.540193140309875,True,False,False,False,False,False,False,False,True
185,1,85,4.707422778087796,-4.686042406516936,True,False,False,False,False,False,False,False,True
186,1,86,4.834408602150537,-4.8251716472266954,True,False,False,False,False,False,False,False,True
187,1,87,4.938165805154188,-4.988082681370985,True,False,False,False,False,False,False,False,True
188,1,88,5.040860215053764,-5.1634661036133345,True,False,False,False,False,False,False,False,True
189,1,89,5.090452762245471,-5.348615875420224,True,False,False,False,False,False,False,False,True
190,1,90,5.109677419354838,-5.546286907973769,True,False,False,False,False,False,False,False,True
191,1,91,5.112644304053018,-5.748917748917748,True,False,False,False,False,False,False,False,True
192,1,92,5.109677419354838,-5.908886433645603,True,False,False,False,False,False,False,False,True
193,1,93,5.011386881316432,-6.085303464016707,True,False,False,False,False,False,False,False,True
194,1,94,4.93763440860215,-6.241146934805598,True,False,False,False,False,False,False,False,True
195,1,95,4.835495391312131,-6.370106679826228,True,False,False,False,False,False,False,False,True
196,1,96,4.765591397849462,-6.526853405651416,True,False,False,False,False,False,False,False,True
197,1,97,4.666015260012356,-6.676635948459973,True,False,False,False,False,False,False,False,True
198,1,98,4.591577337428225,-6.857142857142856,True,False,False,False,False,False,False,False,True
199,1,99,4.559139784946238,-7.030303030303029,True,False,False,False,False,False,False,False,True
200,2,0,4.972043010752689,4.9523809523809526,True,False,False,False,False,False,True,False,False
201,2,1,4.759931637013578,5.0273415341746475,True,False,False,False,False,False,True,False,False
202,2,2,4.53655635805774,5.11224569789929,True,False,False,False,False,False,True,False,False
203,2,3,4.338286316704841,5.247959935467098,True,False,False,False,False,False,True,False,False
204,2,4,4.134077431226508,5.37994317435021,True,False,False,False,False,False,True,False,False
205,2,5,3.9281331969313573,5.509494133423863,True,False,False,False,False,False,True,False,False
206,2,6,3.726508937518055,5.644973564311157,True,False,False,False,False,False,True,False,False
207,2,7,3.5392113376155714,5.800216549797771,True,False,False,False,False,False,True,False,False
208,2,8,3.345023612211328,5.946803063292858,True,False,False,False,False,False,True,False,False
209,2,9,3.129037671645733,6.045449096720206,True,False,False,False,False,False,True,False,False
210,2,10,2.9613054491645254,6.129870129870131,True,False,False,False,False,False,True,False,False
211,2,11,2.718002184417997,6.129870129870131,True,False,False,False,False,False,True,False,False
212,2,12,2.4746989196714684,6.129870129870131,True,False,False,False,False,False,True,False,False
213,2,13,2.234846733450506,6.095238095238095,True,False,False,False,False,False,True,False,False
214,2,14,1.9915434687039772,6.095238095238095,True,False,False,False,False,False,True,False,False
215,2,15,1.7564631543198361,6.060606060606062,True,False,False,False,False,False,True,False,False
216,2,16,1.5158828741767032,6.043928958508058,True,False,False,False,False,False,True,False,False
217,2,17,1.2759589671728397,6.022359805051607,True,False,False,False,False,False,True,False,False
218,2,18,1.0378819577743914,5.985514188706811,True,False,False,False,False,False,True,False,False
219,2,19,0.807235779985042,5.921390300533598,True,False,False,False,False,False,True,False,False
220,2,20,0.5968470655419438,5.812843907958884,True,False,False,False,False,False,True,False,False
221,2,21,0.4580002440712877,5.618788861412543,True,False,False,False,False,False,True,False,False
222,2,22,0.4117686688313371,5.381855612596785,True,False,False,False,False,False,True,False,False
223,2,23,0.3612903225806452,5.149219990172125,True,False,False,False,False,False,True,False,False
224,2,24,0.32688172043010866,4.913992575950545,True,False,False,False,False,False,True,False,False
225,2,25,0.32688172043010866,4.6706893112040175,True,False,False,False,False,False,True,False,False
226,2,26,0.3282110299283568,4.427548667388006,True,False,False,False,False,False,True,False,False
227,2,27,0.4047345577092606,4.197825307349747,True,False,False,False,False,False,True,False,False
228,2,28,0.5292518062914574,4.017316017316018,True,False,False,False,False,False,True,False,False
229,2,29,0.6021505376344098,3.846911483912443,True,False,False,False,False,False,True,False,False
230,2,30,0.6709677419354847,3.6258713931528104,True,False,False,False,False,False,True,False,False
231,2,31,0.6385439388623858,3.3959370813225314,True,False,False,False,False,False,True,False,False
232,2,32,0.5285927993656179,3.211236587467586,True,False,False,False,False,False,True,False,False
233,2,33,0.39423400153349514,3.0122497951440224,True,False,False,False,False,False,True,False,False
234,2,34,0.2085411607099794,2.859245973441863,True,False,False,False,False,False,True,False,False
235,2,35,0.023965702873136402,2.704701354800876,True,False,False,False,False,False,True,False,False
236,2,36,-0.19013523082910094,2.5969557550481275,True,False,False,False,False,False,True,False,False
237,2,37,-0.4134361422762683,2.501896313681316,True,False,False,False,False,False,True,False,False
238,2,38,-0.6031672623638056,2.3885870627723613,True,False,False,False,False,False,True,False,False
239,2,39,-0.8004178961195053,2.25931965000959,True,False,False,False,False,False,True,False,False
240,2,40,-1.0139504828202865,2.1591003069903083,True,False,False,False,False,False,True,False,False
241,2,41,-1.216645337337834,2.0333765643130652,True,False,False,False,False,False,True,False,False
242,2,42,-1.4485437461894934,1.9601878560724504,True,False,False,False,False,False,True,False,False
243,2,43,-1.6582157168479281,1.8461681637786014,True,False,False,False,False,False,True,False,False
244,2,44,-1.8588060107014326,1.7174503939600294,True,False,False,False,False,False,True,False,False
245,2,45,-2.0780254286792483,1.6122491078616341,True,False,False,False,False,False,True,False,False
246,2,46,-2.2657412550112452,1.4611649130992697,True,False,False,False,False,False,True,False,False
247,2,47,-2.477607902654677,1.3418964559151259,True,False,False,False,False,False,True,False,False
248,2,48,-2.67727238518668,1.2041152720046435,True,False,False,False,False,False,True,False,False
249,2,49,-2.871460110590925,1.0575287585095565,True,False,False,False,False,False,True,False,False
250,2,50,-3.0621100324714665,0.9094767366908058,True,False,False,False,False,False,True,False,False
251,2,51,-3.231045506079672,0.7410081374662967,True,False,False,False,False,False,True,False,False
252,2,52,-3.3683201430777165,0.5405435789369307,True,False,False,False,False,False,True,False,False
253,2,53,-3.4924731182795696,0.3423194827751269,True,False,False,False,False,False,True,False,False
254,2,54,-3.526881720430107,0.11320354149054537,True,False,False,False,False,False,True,False,False
255,2,55,-3.380305614107868,-0.008999760692295309,True,False,False,False,False,False,True,False,False
256,2,56,-3.184093279331581,-0.14920147923638347,True,False,False,False,False,False,True,False,False
257,2,57,-2.9711845118226683,-0.2663193099599028,True,False,False,False,False,False,True,False,False
258,2,58,-2.754762042349044,-0.3744845961815962,True,False,False,False,False,False,True,False,False
259,2,59,-2.530346780060099,-0.46687093860611767,True,False,False,False,False,False,True,False,False
260,2,60,-2.3020181314367556,-0.5443989475679248,True,True,False,False,False,False,False,False,False
261,2,61,-2.069762233786917,-0.6158445608146331,True,False,False,False,False,False,False,True,False
262,2,62,-1.8364399117363754,-0.6602331613014972,True,False,False,False,False,False,False,True,False
263,2,63,-1.6152421723686168,-0.7272727272727266,True,False,False,False,False,False,False,True,False
264,2,64,-1.3783177078958473,-0.7426023069879446,True,False,False,False,False,False,False,True,False
265,2,65,-1.2084180874472816,-0.857513373753306,True,False,False,False,False,False,False,True,False
266,2,66,-1.0493904043390292,-1.0390334674942645,True,False,False,False,False,False,False,True,False
267,2,67,-0.9655601030920063,-1.2576702514862559,True,False,False,False,False,False,False,True,False
268,2,68,-0.8688805952374786,-1.4803280728218962,True,False,False,False,False,False,False,True,False
269,2,69,-0.8086021505376344,-1.705271623725583,True,False,False,False,False,False,False,True,False
270,2,70,-0.7741935483870961,-1.9404990379471627,True,False,False,False,False,False,False,True,False
271,2,71,-0.7741935483870961,-2.1838023026936906,True,False,False,False,False,False,False,True,False
272,2,72,-0.7741935483870961,-2.427105567440218,True,False,False,False,False,False,False,True,False
273,2,73,-0.7741935483870961,-2.6704088321867503,True,False,True,False,False,False,False,False,False
274,2,74,-0.7741935483870961,-2.913712096933275,True,False,False,False,False,False,False,False,True
275,2,75,-0.8513442332951083,-3.1420458992352316,True,False,False,False,False,False,False,False,True
276,2,76,-0.9118279569892476,-3.3755941101401605,True,False,False,False,False,False,False,False,True
277,2,77,-0.9806451612903224,-3.6052719691079984,True,False,False,False,False,False,False,False,True
278,2,78,-1.087747122513777,-3.8173264587398528,True,False,False,False,False,False,False,False,True
279,2,79,-1.1526881720430104,-4.039276300102314,True,False,False,False,False,False,False,False,True
280,2,80,-1.1870967741935488,-4.268392241386895,True,False,False,False,False,False,False,False,True
281,2,81,-1.2215053763440853,-4.49750818267148,True,False,False,False,False,False,False,False,True
282,2,82,-1.2559139784946236,-4.726624123956064,True,False,False,False,False,False,False,False,True
283,2,83,-1.2559139784946236,-4.96992738870259,True,False,False,False,False,False,False,False,True
284,2,84,-1.2215053763440853,-5.199043329987172,True,False,False,False,False,False,False,False,True
285,2,85,-1.1007194405770746,-5.403313680223636,True,False,False,False,False,False,False,False,True
286,2,86,-0.9479477933460537,-5.58615335655712,True,False,False,False,False,False,False,False,True
287,2,87,-0.7629188787337634,-5.74361273956479,True,False,False,False,False,False,False,False,True
288,2,88,-0.5827083284681898,-5.9070143447235735,True,False,False,False,False,False,False,False,True
289,2,89,-0.395585507429377,-6.060644111865323,True,False,False,False,False,False,False,False,True
290,2,90,-0.19069110741885947,-6.181091596374706,True,False,False,False,False,False,False,False,True
291,2,91,0.026681388231333217,-6.286301364397646,True,False,False,False,False,False,False,False,True
292,2,92,0.2349651494024054,-6.410720630932263,True,False,False,False,False,False,False,False,True
293,2,93,0.4576123444900011,-6.507348203666504,True,False,False,False,False,False,False,False,True
294,2,94,0.6836447770403273,-6.580086580086579,True,False,False,False,False,False,False,False,True
295,2,95,0.9179889195625157,-6.617819099130486,True,False,False,False,False,False,False,False,True
296,2,96,1.1536861568554095,-6.649852881967277,True,False,False,False,False,False,False,False,True
297,2,97,1.3888857201927431,-6.683982683982682,True,False,False,False,False,False,False,False,True
298,2,98,1.6321889849392692,-6.683982683982682,True,False,False,False,False,False,False,False,True
299,2,99,1.8408602150537643,-6.718614718614718,True,False,False,False,False,False,False,False,True
300,3,0,-5.66021505376344,6.164502164502167,True,False,False,False,False,False,True,False,False
301,3,1,-5.5117585357877985,6.114695324055791,True,False,False,False,False,False,True,False,False
302,3,2,-5.260551999393187,6.095238095238095,True,False,False,False,False,False,True,False,False
303,3,3,-5.006168548077507,6.095238095238095,True,False,False,False,False,False,True,False,False
304,3,4,-4.760008047124214,6.060606060606062,True,False,False,False,False,False,True,False,False
305,3,5,-4.513764802560982,6.010750817598022,True,False,False,False,False,False,True,False,False
306,3,6,-4.272592533682452,5.929838043407171,True,False,False,False,False,False,True,False,False
307,3,7,-4.031420264803923,5.848925269216323,True,False,False,False,False,False,True,False,False
308,3,8,-3.7988917943002476,5.747277796915171,True,False,False,False,False,False,True,False,False
309,3,9,-3.57718753457013,5.6357058480250135,True,False,False,False,False,False,True,False,False
310,3,10,-3.3943890312539935,5.482927964559494,True,False,False,False,False,False,True,False,False
311,3,11,-3.201517107080763,5.317544274442761,True,False,False,False,False,False,True,False,False
312,3,12,-2.995738619542722,5.179693632223736,True,False,False,False,False,False,True,False,False
313,3,13,-2.820540760773007,5.037990159652487,True,False,False,False,False,False,True,False,False
314,3,14,-2.6100031565282045,4.917748917748918,True,False,False,False,False,False,True,False,False
315,3,15,-2.4312177061303597,4.784667171754585,True,False,False,False,False,False,True,False,False
316,3,16,-2.221955541353634,4.70995670995671,True,False,False,False,False,False,True,False,False
317,3,17,-1.9675720900379527,4.70995670995671,True,False,False,False,False,False,True,False,False
318,3,18,-1.716245189146824,4.691236661582449,True,False,False,False,False,False,True,False,False
319,3,19,-1.4644597967345871,4.675324675324676,True,False,False,False,False,False,True,False,False
320,3,20,-1.2100763454189067,4.675324675324676,True,False,False,False,False,False,True,False,False
321,3,21,-0.9556928941032267,4.675324675324676,True,False,False,False,False,False,True,False,False
322,3,22,-0.7013094427875461,4.675324675324676,True,False,False,False,False,False,True,False,False
323,3,23,-0.45121623983254866,4.640692640692642,True,False,False,False,False,False,True,False,False
324,3,24,-0.19683278851686853,4.640692640692642,True,False,False,False,False,False,True,False,False
325,3,25,0.041104762074035434,4.571428571428573,True,False,False,False,False,False,True,False,False
326,3,26,0.29516639449492127,4.5700731889176005,True,False,False,False,False,False,True,False,False
327,3,27,0.5416487143430094,4.536796536796539,True,False,False,False,False,False,True,False,False
328,3,28,0.7878092152963012,4.5021645021645025,True,False,False,False,False,False,True,False,False
329,3,29,1.0403321436453508,4.487145862123871,True,False,False,False,False,False,True,False,False
330,3,30,1.2922858695669777,4.467532467532468,True,False,False,False,False,False,True,False,False
331,3,31,1.5466693208826585,4.467532467532468,True,False,False,False,False,False,True,False,False
332,3,32,1.7928298218359513,4.432900432900434,True,False,False,False,False,False,True,False,False
333,3,33,2.041857449379708,4.400098330475063,True,False,False,False,False,False,True,False,False
334,3,34,2.290287505811324,4.363636363636365,True,False,False,False,False,False,True,False,False
335,3,35,2.521261525480329,4.273891335246499,True,False,False,False,False,False,True,False,False
336,3,36,2.75817605291616,4.202268691328975,True,False,False,False,False,False,True,False,False
337,3,37,2.9620203200540054,4.076472457981481,True,False,False,False,False,False,True,False,False
338,3,38,3.1719082753119627,3.9590100692206454,True,False,False,False,False,False,True,False,False
339,3,39,3.3204301075268816,3.779974810080261,True,False,False,False,False,False,True,False,False
340,3,40,3.35483870967742,3.531140914018322,True,False,False,False,False,False,True,False,False
341,3,41,3.35483870967742,3.276757462702642,True,False,False,False,False,False,True,False,False
342,3,42,3.1994507029965087,3.0990142356999506,True,False,False,False,False,False,True,False,False
343,3,43,3.0047283161662715,2.9396806161866036,True,False,False,False,False,False,True,False,False
344,3,44,2.810736133483134,2.7770396148693877,True,False,False,False,False,False,True,False,False
345,3,45,2.602280033424967,2.666666666666668,True,False,False,False,False,False,True,False,False
346,3,46,2.3764302395274215,2.5725541789829562,True,False,False,False,False,False,True,False,False
347,3,47,2.137889807167285,2.515408572148891,True,False,False,False,False,False,True,False,False
348,3,48,1.952535035498556,2.3981142673307985,True,False,False,False,False,False,True,False,False
349,3,49,1.723889847675213,2.2961133973690195,True,False,False,False,False,False,True,False,False
350,3,50,1.496658243371254,2.1817598302680024,True,False,False,False,False,False,True,False,False
351,3,51,1.2786266168122287,2.0547201047810466,True,False,False,False,False,False,True,False,False
352,3,52,1.0945417955496133,1.8808699890272083,True,False,False,False,False,False,True,False,False
353,3,53,0.9083473558508298,1.7245953267127103,True,False,False,False,False,False,True,False,False
354,3,54,0.7326043093960825,1.5512142940891314,True,False,False,False,False,False,True,False,False
355,3,55,0.5533111086712474,1.3707568518011475,True,False,False,False,False,False,True,False,False
356,3,56,0.39470201832122903,1.1754824178327765,True,False,False,False,False,False,True,False,False
357,3,57,0.26680458666825335,0.9614554077969999,True,False,False,False,False,False,True,False,False
358,3,58,0.10411186858107196,0.7818962265597301,True,False,False,False,False,False,True,False,False
359,3,59,-0.0523090995154527,0.5873431546550402,True,False,False,False,False,False,True,False,False
360,3,60,-0.20632376829047255,0.39839707304097494,True,False,False,False,False,False,True,False,False
361,3,61,-0.3731215517041206,0.21860813185101316,True,False,False,False,False,False,True,False,False
362,3,62,-0.5553168291500958,0.04713782347447122,True,True,False,False,False,False,False,False,False
363,3,63,-0.742426367704746,-0.1225414079899418,True,False,False,False,False,False,False,True,False
364,3,64,-0.9184766011756808,-0.28374809425690745,True,False,False,False,False,False,False,True,False
365,3,65,-1.1079267147995324,-0.4397963687917373,True,False,False,False,False,False,False,True,False
366,3,66,-1.3017380848744329,-0.6002342196246994,True,False,False,False,False,False,False,True,False
367,3,67,-1.495549454949332,-0.7606720704576606,True,False,False,False,False,False,False,True,False
368,3,68,-1.6693772684974868,-0.9353467855533887,True,False,False,False,False,False,False,True,False
369,3,69,-1.8527325234813419,-1.0968837915788132,True,False,False,False,False,False,False,True,False
370,3,70,-1.9965767184813585,-1.2995847924108908,True,False,False,False,False,False,False,True,False
371,3,71,-2.163003653682967,-1.4796393894483968,True,False,False,False,False,False,False,True,False
372,3,72,-2.3107210553881425,-1.6730964967769966,True,False,False,False,False,False,False,True,False
373,3,73,-2.4403116327316594,-1.8646965767109163,True,False,False,False,False,False,False,True,False
374,3,74,-2.563440860215053,-2.071846637032484,True,False,False,False,False,False,False,True,False
375,3,75,-2.6652244975177997,-2.2842627518306853,True,False,False,False,False,False,False,True,False
376,3,76,-2.7299892853926253,-2.517077998734072,True,False,False,False,False,False,False,True,False
377,3,77,-2.8043010752688167,-2.756546440828086,True,False,False,False,False,False,False,True,False
378,3,78,-2.8043010752688167,-3.0109298921437646,True,False,False,False,False,False,False,True,False
379,3,79,-2.61536992092778,-3.1426980376283344,True,False,False,False,False,False,False,True,False
380,3,80,-2.3741335276831617,-3.203483340279458,True,False,False,False,False,False,False,True,False
381,3,81,-2.130797043518058,-3.2554112554112544,True,False,False,False,False,False,False,True,False
382,3,82,-1.8924343982365386,-3.3030400458982725,True,False,True,False,False,False,False,False,False
383,3,83,-1.6457637315680456,-3.3554977379659867,True,False,False,False,False,False,False,False,True
384,3,84,-1.4105304917168324,-3.437341256874104,True,False,False,False,False,False,False,False,True
385,3,85,-1.175953621070694,-3.520759270781522,True,False,False,False,False,False,False,False,True
386,3,86,-0.955059277633531,-3.644947644949788,True,False,False,False,False,False,False,False,True
387,3,87,-0.717372953654776,-3.7342224854442945,True,False,False,False,False,False,False,False,True
388,3,88,-0.4876347869576357,-3.8401873363126966,True,False,False,False,False,False,False,False,True
389,3,89,-0.2587922862388576,-3.947685700107067,True,False,False,False,False,False,False,False,True
390,3,90,-0.042615371082581274,-4.056476030786362,True,False,False,False,False,False,False,False,True
391,3,91,0.19066502222640028,-4.156319794614195,True,False,False,False,False,False,False,False,True
392,3,92,0.4250607690680651,-4.225108225108224,True,False,False,False,False,False,False,False,True
393,3,93,0.6363144371139593,-4.328758037354958,True,False,False,False,False,False,False,False,True
394,3,94,0.8743388220497985,-4.414034147460125,True,False,False,False,False,False,False,False,True
395,3,95,1.1089156926959343,-4.497452161367542,True,False,False,False,False,False,False,False,True
396,3,96,1.3483026969998295,-4.57142857142857,True,False,False,False,False,False,False,False,True
397,3,97,1.5790372925824185,-4.661391959443086,True,False,False,False,False,False,False,False,True
398,3,98,1.8245293473606174,-4.72756576228188,True,False,False,False,False,False,False,False,True
399,3,99,2.0473118279569906,-4.8138528138528125,True,False,False,False,False,False,False,False,True
400,4,0,-6.520430107526881,1.9740259740259756,True,False,False,False,False,False,True,False,False
401,4,1,-6.44941069175255,1.9371774278461835,True,False,False,False,False,False,True,False,False
402,4,2,-6.388548188877236,1.8759197139132369,True,False,False,False,False,False,True,False,False
403,4,3,-6.317867055630946,1.8265630315561192,True,False,False,False,False,False,True,False,False
404,4,4,-6.245129843353106,1.7800675893842361,True,False,False,False,False,False,True,False,False
405,4,5,-6.171210558217945,1.7354280210883268,True,False,False,False,False,False,True,False,False
406,4,6,-6.100382267313099,1.687381686293193,True,False,False,False,False,False,True,False,False
407,4,7,-6.04878545385016,1.618139209351586,True,False,False,False,False,False,True,False,False
408,4,8,-5.995911398477195,1.5499974032292128,True,False,False,False,False,False,True,False,False
409,4,9,-5.935048895601881,1.4887396892962663,True,False,False,False,False,False,True,False,False
410,4,10,-5.874186392726566,1.4274819753633199,True,False,False,False,False,False,True,False,False
411,4,11,-5.808261377146626,1.3732051302740067,True,False,False,False,False,False,True,False,False
412,4,12,-5.731125801930157,1.334386902486498,True,False,False,False,False,False,True,False,False
413,4,13,-5.653990226713689,1.2955686746989894,True,False,False,False,False,False,True,False,False
414,4,14,-5.587181873175113,1.2425098939965975,True,False,False,False,False,False,True,False,False
415,4,15,-5.526319370299799,1.1812521800636515,True,False,False,False,False,False,True,False,False
416,4,16,-5.465456867424484,1.1199944661307053,True,False,False,False,False,False,True,False,False
417,4,17,-5.404594364549169,1.058736752197759,True,False,False,False,False,False,True,False,False
418,4,18,-5.343731861673855,0.9974790382648127,True,False,False,False,False,False,True,False,False
419,4,19,-5.287932801635656,0.9318578723249088,True,False,False,False,False,False,True,False,False
420,4,20,-5.236335988172717,0.8626153953833017,True,False,False,False,False,False,True,False,False
421,4,21,-5.179681510630513,0.7977313905696737,True,False,False,False,False,False,True,False,False
422,4,22,-5.1188190077551985,0.7364736766367276,True,False,False,False,False,False,True,False,False
423,4,23,-5.06434074827035,0.6706426317996261,True,False,False,False,False,False,True,False,False
424,4,24,-5.02592244721093,0.5933070907059863,True,False,False,False,False,False,True,False,False
425,4,25,-4.98293383794562,0.5186068224395459,True,False,False,False,False,False,True,False,False
426,4,26,-4.935248679269345,0.44661461859387286,True,False,False,False,False,False,True,False,False
427,4,27,-4.887563520593072,0.3746224147481997,True,False,False,False,False,False,True,False,False
428,4,28,-4.8398783619167975,0.30263021090252656,True,False,False,False,False,False,True,False,False
429,4,29,-4.789295704621831,0.2331895534616313,True,False,False,False,False,False,True,False,False
430,4,30,-4.72391216264527,0.17678260166366982,True,False,False,False,False,False,True,False,False
431,4,31,-4.658528620668708,0.12037564986570835,True,False,False,False,False,False,True,False,False
432,4,32,-4.593145078692146,0.06396869806774688,True,False,False,False,False,False,True,False,False
433,4,33,-4.53625517666976,8.222018865504388e-05,True,False,False,False,False,False,True,False,False
434,4,34,-4.488085713821444,-0.07151546119703148,True,False,False,False,False,False,True,False,False
435,4,35,-4.427223210946128,-0.13277317512997755,True,False,False,False,False,False,True,False,False
436,4,36,-4.360816415803086,-0.18638567819433283,True,False,False,False,False,False,True,False,False
437,4,37,-4.290980035845435,-0.23526901154084873,True,False,False,False,False,False,True,False,False
438,4,38,-4.242236952116368,-0.27705627705627656,True,False,False,False,False,False,True,False,False
439,4,39,-4.170295222441051,-0.3116883116883109,True,False,False,False,False,False,True,False,False
440,4,40,-4.098353492765734,-0.34632034632034525,True,False,False,False,False,False,True,False,False
441,4,41,-4.026411763090416,-0.3809523809523796,True,False,False,False,False,False,True,False,False
442,4,42,-3.9746913121036904,-0.41558441558441395,True,False,False,False,False,False,True,False,False
443,4,43,-3.939784946236559,-0.46703053533604394,True,False,False,False,False,False,True,False,False
444,4,44,-3.8914807964377363,-0.5334662979576885,True,False,False,False,False,False,True,False,False
445,4,45,-3.8454979176275086,-0.6053829796675665,True,False,False,False,False,False,True,False,False
446,4,46,-3.8365591397849457,-0.6896374947434836,True,False,False,False,False,False,True,False,False
447,4,47,-3.7979150466644382,-0.7661677560628478,True,False,False,False,False,False,True,False,False
448,4,48,-3.767741935483871,-0.8400792919941099,True,False,False,False,False,False,True,False,False
449,4,49,-3.740767186502299,-0.9201006851793533,True,False,False,False,False,False,True,False,False
450,4,50,-3.7333333333333325,-1.0047084127066834,True,False,False,False,False,False,True,False,False
451,4,51,-3.7333333333333325,-1.0910608983254453,True,False,False,False,False,False,True,False,False
452,4,52,-3.7025514052010746,-1.1701887297900422,True,False,False,False,False,False,True,False,False
453,4,53,-3.698924731182795,-1.2556900190380174,True,False,False,False,False,False,True,False,False
454,4,54,-3.671938276208456,-1.335708664775184,True,False,False,False,False,False,True,False,False
455,4,55,-3.6645161290322577,-1.4203191397505914,True,False,False,False,False,False,True,False,False
456,4,56,-3.6521860043502743,-1.5015876796041592,True,False,False,False,False,False,True,False,False
457,4,57,-3.6301075268817202,-1.5788367875261662,True,False,False,False,False,False,True,False,False
458,4,58,-3.595698924731182,-1.6510019496829798,True,False,False,False,False,False,True,False,False
459,4,59,-3.567235166736948,-1.7256182845612944,True,False,False,False,False,False,True,False,False
460,4,60,-3.5612903225806445,-1.8095195974585552,True,False,False,False,False,False,True,False,False
461,4,61,-3.526881720430107,-1.8816847596153705,True,False,False,False,False,False,True,False,False
462,4,62,-3.526881720430107,-1.9680372452341308,True,False,False,False,False,False,True,False,False
463,4,63,-3.4946493295077716,-2.041099700820099,True,False,False,False,False,False,True,False,False
464,4,64,-3.458195994385611,-2.112421780542619,True,False,False,False,False,False,True,False,False
465,4,65,-3.4351370326018134,-2.1933388737669097,True,False,False,False,False,False,True,False,False
466,4,66,-3.3892473118279565,-2.2628093667983857,True,True,False,False,False,False,False,False,False
467,4,67,-3.344528532939145,-2.330723446284192,True,False,False,False,False,False,False,True,False
468,4,68,-3.3080751978169842,-2.4020455260067135,True,False,False,False,False,False,False,True,False
469,4,69,-3.251612903225806,-2.44489625111829,True,False,False,False,False,False,False,True,False
470,4,70,-3.225011614673648,-2.5202805176985996,True,False,False,False,False,False,False,True,False
471,4,71,-3.1885582795514877,-2.5916025974211205,True,False,False,False,False,False,False,True,False
472,4,72,-3.176514112182483,-2.6729890429332146,True,False,False,False,False,False,False,True,False
473,4,73,-3.1156516093071676,-2.7342467568661606,True,False,False,False,False,False,False,True,False
474,4,74,-3.0992639144541525,-2.8051948051948044,True,False,False,False,False,False,False,True,False
475,4,75,-3.0569971939169855,-2.862546114347621,True,False,False,False,False,False,False,True,False
476,4,76,-3.010752688172042,-2.909609828838807,True,False,False,False,False,False,False,True,False
477,4,77,-2.998342778526804,-2.9908454718290804,True,False,False,False,False,False,False,True,False
478,4,78,-2.9763440860215047,-3.0681274766143827,True,False,False,False,False,False,False,True,False
479,4,79,-2.915279195383468,-3.1090804635209675,True,False,False,False,False,False,False,True,False
480,4,80,-2.8788258602613066,-3.180402543243489,True,False,False,False,False,False,False,True,False
481,4,81,-2.842372525139147,-3.2517246229660084,True,False,False,False,False,False,False,True,False
482,4,82,-2.8043010752688167,-3.3223795230911017,True,False,False,False,False,False,False,True,False
483,4,83,-2.7698924731182792,-3.3945446852479164,True,False,False,False,False,False,False,True,False
484,4,84,-2.735483870967742,-3.4667098474047298,True,False,False,False,False,False,False,True,False
485,4,85,-2.696559184650506,-3.5370129418560907,True,False,False,False,False,False,False,True,False
486,4,86,-2.6356966817751917,-3.598270655789037,True,False,False,False,False,False,False,True,False
487,4,87,-2.5960103254094005,-3.6746978298035864,True,False,True,False,False,False,False,False,False
488,4,88,-2.5541750993708985,-3.7495856683821027,True,False,False,False,False,False,False,False,True
489,4,89,-2.5064848989014,-3.82027931606428,True,False,False,False,False,False,False,False,True
490,4,90,-2.449342340318602,-3.878787878787878,True,False,False,False,False,False,False,False,True
491,4,91,-2.4059415572722602,-3.9334138005809485,True,False,False,False,False,False,False,False,True
492,4,92,-2.3569892473118266,-3.9793610357072158,True,False,False,False,False,False,False,False,True
493,4,93,-2.3127210612299076,-4.02723962451968,True,False,False,False,False,False,False,False,True
494,4,94,-2.2712820482585854,-4.086580086580086,True,False,False,False,False,False,False,False,True
495,4,95,-2.253763440860215,-4.155413964800476,True,False,False,False,False,False,False,False,True
496,4,96,-2.219354838709677,-4.2073578482687,True,False,False,False,False,False,False,False,True
497,4,97,-2.15075272993044,-4.225108225108224,True,False,False,False,False,False,False,False,True
498,4,98,-2.0990322789437132,-4.2597402597402585,True,False,False,False,False,False,False,False,True
499,4,99,-2.047311827956989,-4.294372294372294,True,False,False,False,False,False,False,False,True
500,5,0,-7.070967741935483,-5.54112554112554,True,False,False,False,False,False,True,False,False
501,5,1,-6.970486978364803,-5.490558923094841,True,False,False,False,False,False,True,False,False
502,5,2,-6.8644975718327865,-5.437192081827905,True,False,False,False,False,False,True,False,False
503,5,3,-6.811698958456189,-5.330909158797089,True,False,False,False,False,False,True,False,False
504,5,4,-6.72435837714626,-5.25898980680957,True,False,False,False,False,False,True,False,False
505,5,5,-6.692473118279569,-5.147798427333521,True,False,False,False,False,False,True,False,False
506,5,6,-6.6489256800730185,-5.04707887712977,True,False,False,False,False,False,True,False,False
507,5,7,-6.623655913978494,-4.938823093827961,True,False,False,False,False,False,True,False,False
508,5,8,-6.592971210635757,-4.8250970537594835,True,False,False,False,False,False,True,False,False
509,5,9,-6.588324879081672,-4.7071714422487725,True,False,False,False,False,False,True,False,False
510,5,10,-6.554838709677419,-4.59389723369126,True,False,False,False,False,False,True,False,False
511,5,11,-6.554838709677419,-4.475222243476533,True,False,False,False,False,False,True,False,False
512,5,12,-6.554838709677419,-4.356547253261805,True,False,False,False,False,False,True,False,False
513,5,13,-6.547963633919369,-4.238981102418873,True,False,False,False,False,False,True,False,False
514,5,14,-6.520430107526881,-4.124746828086091,True,False,False,False,False,False,True,False,False
515,5,15,-6.520430107526881,-4.006071837871364,True,False,False,False,False,False,True,False,False
516,5,16,-6.4860215053763435,-3.8954726981815853,True,False,False,False,False,False,True,False,False
517,5,17,-6.45605380802094,-3.7838312585702893,True,False,False,False,False,False,True,False,False
518,5,18,-6.4340708433951574,-3.670315767007567,True,False,False,False,False,False,True,False,False
519,5,19,-6.380382210349612,-3.564670406520714,True,False,False,False,False,False,True,False,False
520,5,20,-6.296738330484242,-3.4804833845782954,True,False,False,False,False,False,True,False,False
521,5,21,-6.233196162292041,-3.3818965702722914,True,False,False,False,False,False,True,False,False
522,5,22,-6.1643933274090585,-3.2885902418520283,True,False,False,False,False,False,True,False,False
523,5,23,-6.09973600902547,-3.1995424720745054,True,False,False,False,False,False,True,False,False
524,5,24,-6.030578374353991,-3.1086990131484966,True,False,False,False,False,False,True,False,False
525,5,25,-5.931131598310761,-3.0476190476190466,True,False,False,False,False,False,True,False,False
526,5,26,-5.838615532374169,-2.9847537284718357,True,False,False,False,False,False,True,False,False
527,5,27,-5.730826080130582,-2.9437229437229426,True,False,False,False,False,False,True,False,False
528,5,28,-5.616434230622634,-2.917490560778877,True,False,False,False,False,False,True,False,False
529,5,29,-5.507353659391511,-2.874458874458873,True,False,False,False,False,False,True,False,False
530,5,30,-5.3977338229042715,-2.8526974624469386,True,False,False,False,False,False,True,False,False
531,5,31,-5.284414434905501,-2.8398268398268387,True,False,False,False,False,False,True,False,False
532,5,32,-5.165739444690773,-2.8398268398268387,True,False,False,False,False,False,True,False,False
533,5,33,-5.06147521041949,-2.8051948051948044,True,False,False,False,False,False,True,False,False
534,5,34,-4.942800220204761,-2.8051948051948044,True,False,False,False,False,False,True,False,False
535,5,35,-4.824125229990034,-2.8051948051948044,True,False,False,False,False,False,True,False,False
536,5,36,-4.705450239775307,-2.8051948051948044,True,False,False,False,False,False,True,False,False
537,5,37,-4.621407284192615,-2.770562770562769,True,False,False,False,False,False,True,False,False
538,5,38,-4.517143049921331,-2.7359307359307348,True,False,False,False,False,False,True,False,False
539,5,39,-4.3984680597066035,-2.7359307359307348,True,False,False,False,False,False,True,False,False
540,5,40,-4.294203825435319,-2.7012987012987004,True,False,False,False,False,False,True,False,False
541,5,41,-4.175528835220592,-2.7012987012987004,True,False,False,False,False,False,True,False,False
542,5,42,-4.071264600949309,-2.666666666666666,True,False,False,False,False,False,True,False,False
543,5,43,-3.9670003666780254,-2.632034632034631,True,False,False,False,False,False,True,False,False
544,5,44,-3.8627361324067424,-2.5974025974025965,True,False,False,False,False,False,True,False,False
545,5,45,-3.761208276716213,-2.5561944776472703,True,False,False,False,False,False,True,False,False
546,5,46,-3.6674074839518265,-2.4964166234580065,True,False,False,False,False,False,True,False,False
547,5,47,-3.5736066911874396,-2.436638769268743,True,False,False,False,False,False,True,False,False
548,5,48,-3.476419008706922,-2.381531211091686,True,False,False,False,False,False,True,False,False
549,5,49,-3.3816438492076175,-2.3126934845920823,True,True,False,False,False,False,False,False,False
550,5,50,-3.287843056443231,-2.252915630402819,True,False,False,False,False,False,False,True,False
551,5,51,-3.1896810072277946,-2.188748199915421,True,False,False,False,False,False,False,True,False
552,5,52,-3.09151895801236,-2.1245807694280234,True,False,False,False,False,False,False,True,False
553,5,53,-2.9977181652479725,-2.0648029152387597,True,False,False,False,False,False,False,True,False
554,5,54,-2.906624915457062,-1.990888079748413,True,False,False,False,False,False,False,True,False
555,5,55,-2.801394066817102,-1.9364680542639652,True,False,False,False,False,False,False,True,False
556,5,56,-2.7177501869517307,-1.852281032321547,True,False,False,False,False,False,False,True,False
557,5,57,-2.619588137736295,-1.7881136018341497,True,False,False,False,False,False,False,True,False
558,5,58,-2.519392393858704,-1.7267505012384154,True,False,False,False,False,False,False,True,False
559,5,59,-2.4221992450103706,-1.6623376623376611,True,False,False,False,False,False,False,True,False
560,5,60,-2.3221034998884336,-1.610149488580218,True,False,False,False,False,False,False,True,False
561,5,61,-2.212422758572821,-1.5722690289354564,True,False,False,False,False,False,False,True,False
562,5,62,-2.1114416869778543,-1.523809523809522,True,False,False,False,False,False,False,True,False
563,5,63,-2.0071774527065687,-1.4891774891774876,True,False,False,False,False,False,False,True,False
564,5,64,-1.8967254128542301,-1.4545454545454533,True,False,False,False,False,False,False,True,False
565,5,65,-1.7862733730018912,-1.419913419913419,True,False,False,False,False,False,False,True,False
566,5,66,-1.6730226233480028,-1.3866922942689903,True,False,False,False,False,False,False,True,False
567,5,67,-1.559426159817102,-1.3648627319425888,True,False,False,False,False,False,False,True,False
568,5,68,-1.4460727853303985,-1.3424500488946272,True,False,False,False,False,False,False,True,False
569,5,69,-1.336392044014788,-1.3045695892498657,True,False,False,False,False,False,False,True,False
570,5,70,-1.223221882343413,-1.2813852813852797,True,False,False,False,False,False,False,True,False
571,5,71,-1.1045468921286867,-1.2813852813852797,True,False,False,False,False,False,False,True,False
572,5,72,-0.9858719019139598,-1.2813852813852797,True,False,False,False,False,False,False,True,False
573,5,73,-0.8803713393501863,-1.3130461627752448,True,False,False,False,False,False,False,True,False
574,5,74,-0.8430107526881709,-1.4163166699661276,True,False,False,False,False,False,False,True,False
575,5,75,-0.7761541699798926,-1.487204136275647,True,False,False,False,False,False,False,True,False
576,5,76,-0.7311717127218162,-1.5671107220440579,True,False,False,False,False,False,False,True,False
577,5,77,-0.6561717437221215,-1.657489779953303,True,False,False,False,False,False,False,True,False
578,5,78,-0.6008644189513358,-1.749564983969294,True,False,False,False,False,False,False,True,False
579,5,79,-0.5333333333333332,-1.8336411523345213,True,False,False,False,False,False,False,True,False
580,5,80,-0.4364799017396833,-1.898348150846421,True,False,False,False,False,False,False,True,False
581,5,81,-0.3612903225806452,-1.971987569239171,True,False,False,False,False,False,False,True,False
582,5,82,-0.27446188679119216,-2.049332772469043,True,False,False,False,False,False,False,True,False
583,5,83,-0.16895397373345789,-2.098347190939267,True,False,False,False,False,False,False,True,False
584,5,84,-0.08511988067620117,-2.1822719215211754,True,False,False,False,False,False,False,True,False
585,5,85,0.012851955347347465,-2.2467016433690827,True,False,False,False,False,False,False,True,False
586,5,86,0.1121690132940704,-2.298872934179374,True,False,False,False,False,False,False,True,False
587,5,87,0.18638516751917947,-2.3838489302875243,True,False,True,False,False,False,False,False,False
588,5,88,0.2773841470831392,-2.4285005558167074,True,False,False,False,False,False,False,False,True
589,5,89,0.3725267853076394,-2.4701838856451337,True,False,False,False,False,False,False,False,True
590,5,90,0.4670862357443687,-2.528138528138527,True,False,False,False,False,False,False,False,True
591,5,91,0.5764926544030229,-2.5671743336552,True,False,False,False,False,False,False,False,True
592,5,92,0.6825007625475442,-2.620522569896761,True,False,False,False,False,False,False,False,True
593,5,93,0.7741935483870979,-2.682692523218568,True,False,False,False,False,False,False,False,True
594,5,94,0.8660394101593056,-2.7359307359307348,True,False,False,False,False,False,False,False,True
595,5,95,0.967734822384758,-2.7813817017412457,True,False,False,False,False,False,False,False,True
596,5,96,1.07151835720755,-2.827394017535736,True,False,False,False,False,False,False,False,True
597,5,97,1.170609162610766,-2.874458874458873,True,False,False,False,False,False,False,False,True
598,5,98,1.2892841528254924,-2.874458874458873,True,False,False,False,False,False,False,False,True
599,5,99,1.393548387096775,-2.9090909090909083,True,False,False,False,False,False,False,False,True
600,6,0,-3.1139784946236553,-6.857142857142856,True,False,False,False,False,False,True,False,False
601,6,1,-3.183565305429365,-6.786329579979848,True,False,False,False,False,False,True,False,False
602,6,2,-3.2310310874935406,-6.676865006377727,True,False,False,False,False,False,True,False,False
603,6,3,-3.2889507678619525,-6.575664154580708,True,False,False,False,False,False,True,False,False
604,6,4,-3.3549900962367047,-6.475961921807139,True,False,False,False,False,False,True,False,False
605,6,5,-3.4210294246114556,-6.376259689033568,True,False,False,False,False,False,True,False,False
606,6,6,-3.4597584156360983,-6.263283571834722,True,False,False,False,False,False,True,False,False
607,6,7,-3.5034203491459515,-6.153483847721065,True,False,False,False,False,False,True,False,False
608,6,8,-3.5730746549381838,-6.059655533249421,True,False,False,False,False,False,True,False,False
609,6,9,-3.6106724821199396,-5.946129626499313,True,False,False,False,False,False,True,False,False
610,6,10,-3.6645161290322577,-5.843861677927427,True,False,False,False,False,False,True,False,False
611,6,11,-3.706296092545852,-5.741498521571814,True,False,False,False,False,False,True,False,False
612,6,12,-3.7386565666276064,-5.634306045533171,True,False,False,False,False,False,True,False,False
613,6,13,-3.781544226401283,-5.52723362494243,True,False,False,False,False,False,True,False,False
614,6,14,-3.8170145652890053,-5.422268889914744,True,False,False,False,False,False,True,False,False
615,6,15,-3.843662990232758,-5.31188339529286,True,False,False,False,False,False,True,False,False
616,6,16,-3.8940432692358007,-5.206211861050545,True,False,False,False,False,False,True,False,False
617,6,17,-3.9379189370655574,-5.096543469250101,True,False,False,False,False,False,True,False,False
618,6,18,-3.9741935483870963,-4.991441917228141,True,False,False,False,False,False,True,False,False
619,6,19,-4.0108497681503055,-4.880854670584648,True,False,False,False,False,False,True,False,False
620,6,20,-4.047706106319763,-4.779220779220778,True,False,False,False,False,False,True,False,False
621,6,21,-4.077419354838709,-4.6893441949268,True,False,False,False,False,False,True,False,False
622,6,22,-4.111827956989247,-4.583941685575822,True,False,False,False,False,False,True,False,False
623,6,23,-4.111827956989247,-4.464351852762897,True,False,False,False,False,False,True,False,False
624,6,24,-4.111827956989247,-4.344762019949973,True,False,False,False,False,False,True,False,False
625,6,25,-4.111827956989247,-4.225172187137048,True,False,False,False,False,False,True,False,False
626,6,26,-4.077419354838709,-4.11976967778607,True,False,False,False,False,False,True,False,False
627,6,27,-4.043010752688171,-4.008255695498094,True,False,False,False,False,False,True,False,False
628,6,28,-3.9767453978723024,-3.9159883333563212,True,False,False,False,False,False,True,False,False
629,6,29,-3.887045823650211,-3.8441558441558428,True,False,False,False,False,False,True,False,False
630,6,30,-3.7878542232862076,-3.795134661965555,True,False,False,False,False,False,True,False,False
631,6,31,-3.717817803746315,-3.7246434604805976,True,False,False,False,False,False,True,False,False
632,6,32,-3.6335291293522833,-3.639807457032059,True,True,False,False,False,False,False,False,False
633,6,33,-3.5736496227114056,-3.5449070877939475,True,False,False,False,False,False,False,True,False
634,6,34,-3.5137701160705292,-3.4500067185558354,True,False,False,False,False,False,False,True,False
635,6,35,-3.443733696530636,-3.379515517070878,True,False,False,False,False,False,False,True,False
636,6,36,-3.332552691922316,-3.3593073593073584,True,False,False,False,False,False,False,True,False
637,6,37,-3.214214870348475,-3.356298516692729,True,False,False,False,False,False,False,True,False
638,6,38,-3.1197692830554273,-3.295871680997345,True,False,False,False,False,False,False,True,False
639,6,39,-3.015166782863363,-3.259854013055116,True,False,False,False,False,False,False,True,False
640,6,40,-2.898503794869961,-3.2508704162494926,True,False,False,False,False,False,False,True,False
641,6,41,-2.791678490676724,-3.197110928749649,True,False,False,False,False,False,False,True,False
642,6,42,-2.674691863599875,-3.186147186147185,True,False,False,False,False,False,False,True,False
643,6,43,-2.5677204433949767,-3.216471848098128,True,False,False,False,False,False,False,True,False
644,6,44,-2.463117943202912,-3.252489516040357,True,False,False,False,False,False,False,True,False
645,6,45,-2.391397849462365,-3.3222865065142217,True,False,False,False,False,False,False,True,False
646,6,46,-2.2986359363699713,-3.3834075532206977,True,False,False,False,False,False,False,True,False
647,6,47,-2.219354838709677,-3.470308276141746,True,False,True,False,False,False,False,False,False
648,6,48,-2.1463185911308904,-3.5519067696148645,True,False,False,False,False,False,False,False,True
649,6,49,-2.0796288178761833,-3.6374162334281097,True,False,False,False,False,False,False,False,True
650,6,50,-2.0037390668765447,-3.710239538855417,True,False,False,False,False,False,False,False,True
651,6,51,-1.9079024861998441,-3.7784646922816956,True,False,False,False,False,False,False,False,True
652,6,52,-1.8426785968882204,-3.8769576892791706,True,False,False,False,False,False,False,False,True
653,6,53,-1.7526718371762584,-3.9480519480519467,True,False,False,False,False,False,False,False,True
654,6,54,-1.661903516250221,-4.017316017316016,True,False,False,False,False,False,False,False,True
655,6,55,-1.5640645172799523,-4.076060605288342,True,False,False,False,False,False,False,False,True
656,6,56,-1.4582192116214476,-4.12121212121212,True,False,False,False,False,False,False,False,True
657,6,57,-1.3573638195855904,-4.174053921961796,True,False,False,False,False,False,False,False,True
658,6,58,-1.2597384931372853,-4.240499567847577,True,False,False,False,False,False,False,False,True
659,6,59,-1.1591278817377817,-4.294372294372294,True,False,False,False,False,False,False,False,True
660,6,60,-1.0627813869281026,-4.35023085514812,True,False,False,False,False,False,False,False,True
661,6,61,-0.9595172474501845,-4.408900952311324,True,False,False,False,False,False,False,False,True
662,6,62,-0.8490639473439474,-4.453957622283595,True,False,False,False,False,False,False,False,True
663,6,63,-0.7398997990539807,-4.5021067028570325,True,False,False,False,False,False,False,False,True
664,6,64,-0.6410687251385115,-4.566889703053228,True,False,False,False,False,False,False,False,True
665,6,65,-0.5446491461573707,-4.634997994628595,True,False,False,False,False,False,False,False,True
666,6,66,-0.43782384196413254,-4.688757482128438,True,False,False,False,False,False,False,False,True
667,6,67,-0.34464819390622303,-4.761338939033778,True,False,False,False,False,False,False,False,True
668,6,68,-0.23740085857194193,-4.809241414692673,True,False,False,False,False,False,False,False,True
669,6,69,-0.14777254972189524,-4.885487564487241,True,False,False,False,False,False,False,False,True
670,6,70,-0.03439351045999757,-4.923525986750432,True,False,False,False,False,False,False,False,True
671,6,71,0.07898552880189721,-4.961564409013622,True,False,False,False,False,False,False,False,True
672,6,72,0.1901954322544825,-5.0048061428553385,True,False,False,False,False,False,False,False,True
673,6,73,0.3015216701305551,-5.047768814293439,True,False,False,False,False,False,False,False,True
674,6,74,0.410678772197316,-5.095934797310065,True,False,False,False,False,False,False,False,True
675,6,75,0.525434577164007,-5.125541125541124,True,False,False,False,False,False,False,False,True
676,6,76,0.6367755953890715,-5.1602820907531575,True,False,False,False,False,False,False,False,True
677,6,77,0.7436008995823086,-5.214041578253,True,False,False,False,False,False,False,False,True
678,6,78,0.8508811418841559,-5.266709762609041,True,False,False,False,False,False,False,False,True
679,6,79,0.9632183479785136,-5.307247328798709,True,False,False,False,False,False,False,False,True
680,6,80,1.0661729273321607,-5.367634071009313,True,False,False,False,False,False,False,False,True
681,6,81,1.171006862661232,-5.423825273712096,True,False,False,False,False,False,False,False,True
682,6,82,1.2819435958813767,-5.468488114359167,True,False,False,False,False,False,False,False,True
683,6,83,1.394730268950656,-5.50768306290488,True,False,False,False,False,False,False,False,True
684,6,84,1.4993327691427192,-5.543700730847107,True,False,False,False,False,False,False,False,True
685,6,85,1.5709513750633246,-5.61038961038961,True,False,False,False,False,False,False,False,True
686,6,86,1.6739716888746763,-5.650209600274294,True,False,False,False,False,False,False,False,True
687,6,87,1.7766478254730818,-5.699287055027036,True,False,False,False,False,False,False,False,True
688,6,88,1.8875379457098527,-5.726634512456886,True,False,False,False,False,False,False,False,True
689,6,89,1.983444732178858,-5.783549783549782,True,False,False,False,False,False,False,False,True
690,6,90,2.0970869484183856,-5.808598951314446,True,False,False,False,False,False,False,False,True
691,6,91,2.1999906914988743,-5.852813852813852,True,False,False,False,False,False,False,False,True
692,6,92,2.308882845402111,-5.8978685315064725,True,False,False,False,False,False,False,False,True
693,6,93,2.4227244563999495,-5.922077922077921,True,False,False,False,False,False,False,False,True
694,6,94,2.49462365591398,-5.9899898340654065,True,False,False,False,False,False,False,False,True
695,6,95,2.5290322580645164,-6.075171064727793,True,False,False,False,False,False,False,False,True
696,6,96,2.5634408602150547,-6.186685047015769,True,False,False,False,False,False,False,False,True
697,6,97,2.5634408602150547,-6.306274879828695,True,False,False,False,False,False,False,False,True
698,6,98,2.5634408602150547,-6.425864712641618,True,False,False,False,False,False,False,False,True
699,6,99,2.5634408602150547,-6.545454545454545,True,False,False,False,False,False,False,False,True
